Var1	Unnamed_0	condition	structure	filler	violation	congruency	interference	viol_loc	n1_number	n2_number	v1_number	n1	n2	v1	sentence	run_type	block_type	subject_response	RT	Behavioral	Behavioral_index	TR
0	0	GSLS	obj	no	no	yes	no	None	sing	sing	sing	coiffeur	médecin	suit	Le coiffeur que le médecin suit repart demain.	visual	visual	0	0.41511	TN	3	6
1	1	GDLS	obj	no	no	no	yes	None	plur	sing	sing	gérants	marchand	entend	Les gérants que le marchand entend peignent toujours.	visual	visual	0	0.61709	TN	3	4
2	2	GDLS	obj	no	no	no	yes	None	sing	plur	plur	danseur	gérants	attendent	Un danseur que les gérants attendent veut manger.	visual	visual	NaN	NaN	NR	5	8
3	3	pp_filler	pp	yes	yes	None	None	5	sing	plur	sing	boucher	vomit	défend	Le boucher loin du vomit défend un chanteur.	visual	visual	NaN	NaN	NR	5	8
4	4	GSLD	obj	no	yes	no	no	6	plur	sing	plur	marins	médecin	décrivent	Ces marins que le médecin décrivent partent demain.	visual	visual	NaN	NaN	NR	5	8
5	5	GSLS	pp	no	no	yes	no	None	sing	sing	sing	champion	coiffeur	émeut	Le champion proche du coiffeur émeut un marchand.	visual	visual	NaN	NaN	NR	5	4
6	6	pp_filler	pp	yes	yes	None	None	5	plur	sing	plur	clients	veulent	servent	Les clients loin des veulent servent ces libraires.	visual	visual	NaN	NaN	NR	5	8
7	7	GSLD	obj	no	yes	no	no	6	plur	sing	plur	coiffeurs	gérant	punissent	Les coiffeurs que ce gérant punissent peignent souvent.	visual	visual	NaN	NaN	NR	5	4
8	8	GDLS	obj	no	no	no	yes	None	plur	sing	sing	danseurs	notaire	punit	Les danseurs que ce notaire punit savent conduire.	visual	visual	NaN	NaN	NR	5	6
9	9	GSLD	pp	no	no	no	yes	None	sing	plur	sing	danseur	malades	plaint	Le danseur proche des malades plaint un notaire.	visual	visual	NaN	NaN	NR	5	4
10	10	GSLS	pp	no	no	yes	no	None	sing	sing	sing	coiffeur	patient	attend	Ce coiffeur auprès du patient attend le serveur.	visual	visual	NaN	NaN	NR	5	4
11	11	GDLD	obj	no	yes	yes	yes	6	sing	sing	plur	champion	gardien	entendent	Ce champion que ce gardien entendent sait cuisiner.	visual	visual	NaN	NaN	NR	5	6
12	12	GDLD	pp	no	yes	yes	yes	6	sing	sing	plur	champion	chanteur	servent	Un champion auprès du chanteur servent ce pompier.	visual	visual	NaN	NaN	NR	5	8
13	13	GDLD	pp	no	yes	yes	yes	6	sing	sing	plur	coiffeur	notaire	endorment	Le coiffeur auprès du notaire endorment un pompier.	visual	visual	NaN	NaN	NR	5	6
14	14	GDLS	pp	no	yes	no	no	6	plur	sing	sing	médecins	plombier	séduit	Les médecins proche du plombier séduit ces prêtres.	visual	visual	NaN	NaN	NR	5	8
15	15	GDLS	obj	no	no	no	yes	None	plur	sing	sing	facteurs	patient	attend	Les facteurs que ce patient attend écrivent parfois.	visual	visual	NaN	NaN	NR	5	6
16	16	GDLD	obj	no	yes	yes	yes	6	sing	sing	plur	juge	médecin	décrivent	Ce juge que ce médecin décrivent repart aussitôt.	visual	visual	NaN	NaN	NR	5	4
17	17	GSLS	pp	no	no	yes	no	None	plur	plur	plur	coiffeurs	malades	punissent	Les coiffeurs loin des malades punissent ces pompiers.	visual	visual	NaN	NaN	NR	5	8
18	18	GDLD	obj	no	yes	yes	yes	6	plur	plur	sing	bouchers	chefs	entend	Des bouchers que ces chefs entend veulent dormir.	visual	visual	NaN	NaN	NR	5	6
19	19	GDLS	obj	no	no	no	yes	None	plur	sing	sing	dentistes	notaire	hait	Ces dentistes que le notaire hait partent demain.	visual	visual	NaN	NaN	NR	5	6
20	20	pp_filler	pp	yes	yes	None	None	5	plur	sing	plur	coiffeurs	vomissent	séduisent	Ces coiffeurs loin des vomissent séduisent les pompiers.	visual	visual	NaN	NaN	NR	5	6
21	21	pp_filler	pp	yes	yes	None	None	5	plur	sing	plur	chefs	repartent	endorment	Les chefs proche des repartent endorment ces marins.	visual	visual	NaN	NaN	NR	5	4
22	22	GDLS	pp	no	yes	no	no	6	plur	sing	sing	coiffeurs	malade	bénit	Ces coiffeurs près du malade bénit des pompiers.	visual	visual	NaN	NaN	NR	5	4
23	23	GDLS	pp	no	yes	no	no	6	plur	sing	sing	facteurs	marin	suit	Des facteurs proche du marin suit ces notaires.	visual	visual	0	0.44885	FN	2	4
24	24	GDLD	obj	no	yes	yes	yes	6	sing	sing	plur	champion	marchand	décrivent	Le champion que ce marchand décrivent veut dormir.	visual	visual	0	0.53733	FN	2	8
25	25	GSLS	obj	no	no	yes	no	None	sing	sing	sing	gardien	gérant	suit	Le gardien que le gérant suit part lentement.	visual	visual	NaN	NaN	NR	5	6
26	26	GSLD	obj	no	yes	no	no	6	sing	plur	sing	danseur	matelots	punit	Un danseur que les matelots punit écrit toujours.	visual	visual	NaN	NaN	NR	5	6
27	27	GDLS	pp	no	yes	no	no	6	plur	sing	sing	clients	libraire	suit	Les clients proche du libraire suit des notaires.	visual	visual	NaN	NaN	NR	5	4
28	28	GDLS	pp	no	yes	no	no	6	sing	plur	plur	champion	plombiers	décrivent	Un champion proche des plombiers décrivent le soldat.	visual	visual	NaN	NaN	NR	5	8
29	29	GDLD	pp	no	yes	yes	yes	6	plur	plur	sing	clients	libraires	bénit	Les clients loin des libraires bénit des serveurs.	visual	visual	NaN	NaN	NR	5	6
30	30	GSLD	obj	no	yes	no	no	6	plur	sing	plur	danseurs	patient	reçoivent	Des danseurs que ce patient reçoivent mentent toujours.	visual	visual	NaN	NaN	NR	5	6
31	31	GSLS	obj	no	no	yes	no	None	plur	plur	plur	danseurs	plombiers	séduisent	Des danseurs que ces plombiers séduisent doivent manger.	visual	visual	NaN	NaN	NR	5	8
32	32	GDLS	obj	no	no	no	yes	None	plur	sing	sing	chefs	danseur	endort	Ces chefs que le danseur endort vomissent souvent.	visual	visual	NaN	NaN	NR	5	6
33	33	GDLS	obj	no	no	no	yes	None	sing	plur	plur	dentiste	malades	défendent	Ce dentiste que les malades défendent sait danser.	visual	visual	NaN	NaN	NR	5	4
34	34	GSLS	obj	no	no	yes	no	None	sing	sing	sing	coiffeur	malade	attend	Un coiffeur que le malade attend ment toujours.	visual	visual	NaN	NaN	NR	5	6
35	35	GDLD	obj	no	yes	yes	yes	6	sing	sing	plur	chanteur	malade	servent	Un chanteur que ce malade servent sait conduire.	visual	visual	NaN	NaN	NR	5	4
36	36	GDLS	obj	no	no	no	yes	None	sing	plur	plur	facteur	malades	défendent	Un facteur que ces malades défendent veut mourir.	visual	visual	NaN	NaN	NR	5	4
37	37	GSLS	obj	no	no	yes	no	None	plur	plur	plur	coiffeurs	gardiens	entendent	Des coiffeurs que les gardiens entendent repartent aussitôt.	visual	visual	NaN	NaN	NR	5	8
38	38	GSLD	pp	no	no	no	yes	None	plur	sing	plur	chefs	matelot	reçoivent	Des chefs près du matelot reçoivent ces serveurs.	visual	visual	NaN	NaN	NR	5	6
39	39	GDLS	pp	no	yes	no	no	6	plur	sing	sing	champions	dentiste	attend	Ces champions auprès du dentiste attend ces facteurs.	visual	visual	NaN	NaN	NR	5	8
40	40	GSLD	obj	no	yes	no	no	6	plur	sing	plur	clients	matelot	craignent	Ces clients que ce matelot craignent savent conduire.	visual	visual	NaN	NaN	NR	5	8
41	41	GSLD	obj	no	yes	no	no	6	plur	sing	plur	chefs	marin	entendent	Des chefs que ce marin entendent repartent demain.	visual	visual	NaN	NaN	NR	5	8
42	42	GSLD	obj	no	yes	no	no	6	sing	plur	sing	boucher	coiffeurs	entend	Le boucher que ces coiffeurs entend ment rarement.	visual	visual	NaN	NaN	NR	5	6
43	43	GDLD	pp	no	yes	yes	yes	6	plur	plur	sing	coiffeurs	comédiens	plaint	Les coiffeurs auprès des comédiens plaint des gérants.	visual	visual	NaN	NaN	NR	5	6
44	44	GSLS	pp	no	no	yes	no	None	plur	plur	plur	chanteurs	dentistes	défendent	Des chanteurs auprès des dentistes défendent des marins.	visual	visual	NaN	NaN	NR	5	8
45	45	GDLS	obj	no	no	no	yes	None	sing	plur	plur	client	juges	élisent	Le client que ces juges élisent repart déjà.	visual	visual	NaN	NaN	NR	5	8
46	46	GDLD	pp	no	yes	yes	yes	6	plur	plur	sing	clients	marins	bénit	Ces clients proche des marins bénit des prêtres.	visual	visual	NaN	NaN	NR	5	6
47	47	GSLS	pp	no	no	yes	no	None	plur	plur	plur	facteurs	gardiens	craignent	Ces facteurs proche des gardiens craignent des soldats.	visual	visual	NaN	NaN	NR	5	4
48	48	GDLD	pp	no	yes	yes	yes	6	sing	sing	plur	danseur	libraire	plaignent	Ce danseur près du libraire plaignent le marchand.	visual	visual	NaN	NaN	NR	5	4
49	49	GSLD	obj	no	yes	no	no	6	sing	plur	sing	client	coiffeurs	sert	Un client que ces coiffeurs sert vomit encore.	visual	visual	NaN	NaN	NR	5	8
50	50	GSLD	pp	no	no	no	yes	None	sing	plur	sing	chef	matelots	sert	Un chef loin des matelots sert ce patient.	visual	visual	NaN	NaN	NR	5	4
51	51	GSLS	obj	no	no	yes	no	None	sing	sing	sing	coiffeur	marin	sert	Un coiffeur que ce marin sert doit dormir.	visual	visual	NaN	NaN	NR	5	8
52	52	GDLS	obj	no	no	no	yes	None	sing	plur	plur	boucher	chanteurs	attendent	Un boucher que ces chanteurs attendent ment rarement.	visual	visual	NaN	NaN	NR	5	8
53	53	GDLD	obj	no	yes	yes	yes	6	plur	plur	sing	coiffeurs	danseurs	hait	Des coiffeurs que ces danseurs hait peignent rarement.	visual	visual	NaN	NaN	NR	5	6
54	54	GSLS	obj	no	no	yes	no	None	plur	plur	plur	facteurs	soldats	émeuvent	Des facteurs que ces soldats émeuvent veulent manger.	visual	visual	NaN	NaN	NR	5	4
55	55	obj_filler	obj	yes	yes	None	None	7	sing	sing	sing	chef	facteur	bénit	Le chef que ce facteur bénit peintre danser.	visual	visual	NaN	NaN	NR	5	4
56	56	obj_filler	obj	yes	yes	None	None	7	sing	sing	sing	boucher	malade	attend	Le boucher que ce malade attend serveur partir.	visual	visual	NaN	NaN	NR	5	4
57	57	GSLD	pp	no	no	no	yes	None	sing	plur	sing	boucher	juges	séduit	Ce boucher loin des juges séduit ce prêtre.	visual	visual	NaN	NaN	NR	5	6
58	58	obj_filler	obj	yes	yes	None	None	7	plur	plur	plur	matelots	notaires	attendent	Les matelots que les notaires attendent gardiens partir.	visual	visual	NaN	NaN	NR	5	4
59	59	GSLS	pp	no	no	yes	no	None	plur	plur	plur	marchands	plombiers	endorment	Les marchands loin des plombiers endorment les serveurs.	visual	visual	NaN	NaN	NR	5	8
60	60	GDLD	pp	no	yes	yes	yes	6	sing	sing	plur	boucher	chef	séduisent	Ce boucher près du chef séduisent un coiffeur.	visual	visual	NaN	NaN	NR	5	6
61	61	GSLS	pp	no	no	yes	no	None	plur	plur	plur	coiffeurs	gardiens	émeuvent	Des coiffeurs loin des gardiens émeuvent des juges.	visual	visual	NaN	NaN	NR	5	4
62	62	obj_filler	obj	yes	yes	None	None	7	plur	plur	plur	bouchers	libraires	attendent	Les bouchers que ces libraires attendent coiffeurs parfois.	visual	visual	NaN	NaN	NR	5	6
63	63	GSLS	obj	no	no	yes	no	None	plur	plur	plur	clients	marins	défendent	Des clients que les marins défendent vomissent encore.	visual	visual	NaN	NaN	NR	5	8
64	64	GSLS	pp	no	no	yes	no	None	sing	sing	sing	boucher	chanteur	élit	Un boucher près du chanteur élit un médecin.	visual	visual	NaN	NaN	NR	5	8
65	65	GDLS	pp	no	yes	no	no	6	sing	plur	plur	coiffeur	libraires	haïssent	Un coiffeur auprès des libraires haïssent un plombier.	visual	visual	NaN	NaN	NR	5	4
66	66	GSLD	pp	no	no	no	yes	None	plur	sing	plur	gardiens	médecin	bénissent	Des gardiens proche du médecin bénissent les vendeurs.	visual	visual	NaN	NaN	NR	5	4
67	67	GDLD	obj	no	yes	yes	yes	6	plur	plur	sing	dentistes	marins	attend	Les dentistes que ces marins attend peignent souvent.	visual	visual	NaN	NaN	NR	5	8
68	68	GDLS	pp	no	yes	no	no	6	sing	plur	plur	gardien	notaires	endorment	Le gardien proche des notaires endorment un serveur.	visual	visual	NaN	NaN	NR	5	4
69	69	GDLS	pp	no	yes	no	no	6	sing	plur	plur	chef	médecins	haïssent	Le chef auprès des médecins haïssent le serveur.	visual	visual	NaN	NaN	NR	5	6
70	70	GDLD	pp	no	yes	yes	yes	6	plur	plur	sing	comédiens	marchands	émeut	Ces comédiens auprès des marchands émeut ces plombiers.	visual	visual	NaN	NaN	NR	5	4
71	71	GSLD	pp	no	no	no	yes	None	sing	plur	sing	gérant	notaires	bénit	Le gérant proche des notaires bénit ce peintre.	visual	visual	NaN	NaN	NR	5	8
72	72	GDLD	pp	no	yes	yes	yes	6	sing	sing	plur	gardien	malade	entendent	Ce gardien proche du malade entendent le pompier.	visual	visual	NaN	NaN	NR	5	4
73	73	GDLS	pp	no	yes	no	no	6	sing	plur	plur	boucher	facteurs	attendent	Un boucher près des facteurs attendent ce marchand.	visual	visual	NaN	NaN	NR	5	6
74	74	pp_filler	pp	yes	yes	None	None	5	sing	plur	sing	gardien	repart	bénit	Ce gardien près du repart bénit ce notaire.	visual	visual	NaN	NaN	NR	5	6
75	75	GSLD	pp	no	no	no	yes	None	plur	sing	plur	bouchers	chef	décrivent	Les bouchers loin du chef décrivent des libraires.	visual	visual	NaN	NaN	NR	5	8
76	76	GSLS	pp	no	no	yes	no	None	sing	sing	sing	chanteur	gardien	entend	Un chanteur loin du gardien entend le gérant.	visual	visual	NaN	NaN	NR	5	4
77	77	GDLD	pp	no	yes	yes	yes	6	plur	plur	sing	danseurs	juges	entend	Des danseurs proche des juges entend des pompiers.	visual	visual	NaN	NaN	NR	5	6
78	78	GDLD	obj	no	yes	yes	yes	6	sing	sing	plur	comédien	libraire	attendent	Ce comédien que ce libraire attendent veut manger.	visual	visual	NaN	NaN	NR	5	6
79	79	GSLS	obj	no	no	yes	no	None	plur	plur	plur	bouchers	champions	craignent	Les bouchers que ces champions craignent peignent toujours.	visual	visual	NaN	NaN	NR	5	6
80	80	GSLS	pp	no	no	yes	no	None	sing	sing	sing	chef	gardien	bénit	Le chef près du gardien bénit le patient.	visual	visual	NaN	NaN	NR	5	8
81	81	GSLD	pp	no	no	no	yes	None	plur	sing	plur	champions	libraire	défendent	Les champions proche du libraire défendent ces peintres.	visual	visual	NaN	NaN	NR	5	8
82	82	GSLS	obj	no	no	yes	no	None	sing	sing	sing	comédien	gardien	séduit	Le comédien que ce gardien séduit doit dormir.	visual	visual	NaN	NaN	NR	5	6
83	83	GSLD	obj	no	yes	no	no	6	sing	plur	sing	champion	marins	décrit	Un champion que ces marins décrit sait nager.	visual	visual	NaN	NaN	NR	5	4
84	84	GSLD	pp	no	no	no	yes	None	plur	sing	plur	champions	notaire	endorment	Des champions auprès du notaire endorment ces pompiers.	visual	visual	NaN	NaN	NR	5	4
85	85	GSLD	obj	no	yes	no	no	6	sing	plur	sing	libraire	marchands	émeut	Le libraire que les marchands émeut écrit rarement.	visual	visual	NaN	NaN	NR	5	8
86	86	GDLD	obj	no	yes	yes	yes	6	plur	plur	sing	clients	coiffeurs	séduit	Les clients que ces coiffeurs séduit mentent parfois.	visual	visual	NaN	NaN	NR	5	8
87	87	GSLD	pp	no	no	no	yes	None	sing	plur	sing	danseur	gérants	suit	Un danseur loin des gérants suit un notaire.	visual	visual	NaN	NaN	NR	5	8
88	88	GDLD	obj	no	yes	yes	yes	6	plur	plur	sing	champions	comédiens	sert	Les champions que les comédiens sert partent lentement.	visual	visual	NaN	NaN	NR	5	6
89	89	obj_filler	obj	yes	yes	None	None	7	plur	plur	plur	dentistes	marins	attendent	Ces dentistes que les marins attendent comédiens encore.	visual	visual	NaN	NaN	NR	5	4
